{
  "shots": 10000000,
  "T1": 0.0001,
  "T2": 0.0001,
  "tau": [
    4e-07,
    6e-07,
    8e-07,
    1e-06,
    2e-06,
    4e-06,
    6e-06,
    8e-06,
    1e-05
  ],
  "distances": [
    11,
    7,
    5,
    3
  ],
  "stim": {
    "11": [
      0.0,
      0.0,
      2e-07,
      3.3e-06,
      0.000161,
      0.0107691,
      0.090561,
      0.2653387,
      0.4179761
    ],
    "7": [
      2.3e-06,
      1.35e-05,
      4.15e-05,
      0.0001026,
      0.0016421,
      0.022215,
      0.0866275,
      0.1900348,
      0.3004773
    ],
    "5": [
      3.83e-05,
      0.0001334,
      0.0003164,
      0.0006035,
      0.0045507,
      0.0302345,
      0.0823104,
      0.152861,
      0.2290541
    ],
    "3": [
      0.0004332,
      0.0009457,
      0.0016585,
      0.0025942,
      0.009729,
      0.0347096,
      0.0690072,
      0.1084995,
      0.1500518
    ]
  },
  "cpp": {
    "11": [
      0.0,
      0.0,
      7e-07,
      2.7e-06,
      0.000154,
      0.0106195,
      0.0908792,
      0.2679551,
      0.4212128
    ],
    "7": [
      8.5e-06,
      2.95e-05,
      8.34e-05,
      0.0001756,
      0.0020435,
      0.0242246,
      0.089934,
      0.1936761,
      0.3029092
    ],
    "5": [
      0.0002347,
      0.0005648,
      0.0010683,
      0.0017266,
      0.0082762,
      0.0408498,
      0.0979591,
      0.1701517,
      0.2450768
    ],
    "3": [
      0.0081484,
      0.0123225,
      0.0165889,
      0.0208778,
      0.0431322,
      0.0896187,
      0.1360389,
      0.1805105,
      0.2216294
    ]
  }
}