{
  "shots": 5000000,
  "T1": 0.0001,
  "T2": 0.0001,
  "tau": [
    1e-07,
    2e-07,
    5e-07,
    8e-07,
    1e-06,
    2e-06,
    4.9999999999999996e-06,
    1e-05
  ],
  "distances": [
    11,
    7,
    5,
    3
  ],
  "stim": {
    "11": [
      0.0,
      0.0,
      0.0,
      0.0,
      2e-07,
      3.2e-06,
      0.0003202,
      0.01094
    ],
    "7": [
      0.0,
      0.0,
      2e-07,
      3e-06,
      5.4e-06,
      7.84e-05,
      0.002541,
      0.027498
    ],
    "5": [
      0.0,
      8e-07,
      9e-06,
      3.64e-05,
      7.32e-05,
      0.0005368,
      0.0071056,
      0.0437584
    ],
    "3": [
      8.8e-06,
      3.1e-05,
      0.0002268,
      0.0005664,
      0.0008678,
      0.0034646,
      0.0204974,
      0.071422
    ]
  },
  "cpp": {
    "11": [
      0.0,
      0.0,
      0.0,
      0.0,
      0.0,
      0.0,
      0.0,
      0.0
    ],
    "7": [
      0.0,
      0.0,
      4e-07,
      8e-07,
      3e-06,
      4.54e-05,
      0.0013746,
      0.014905
    ],
    "5": [
      0.0,
      8e-07,
      7.8e-06,
      1.86e-05,
      3.84e-05,
      0.0002946,
      0.0038774,
      0.023674
    ],
    "3": [
      4.4e-06,
      2e-05,
      0.0001178,
      0.0003036,
      0.0004682,
      0.0018578,
      0.010658,
      0.03652
    ]
  }
}