{
  "shots": 10000000,
  "T1": 0.0001,
  "T2": 0.0001,
  "tau": [
    6e-06,
    8e-06
  ],
  "distances": [
    11,
    7,
    5,
    3
  ],
  "stim": {
    "11": [
      0.2853406,
      0.4595282
    ],
    "7": [
      0.2108315,
      0.3568418
    ],
    "5": [
      0.1707472,
      0.2783276
    ],
    "3": [
      0.1194914,
      0.1801164
    ]
  },
  "cpp": {
    "11": [
      0.0853075,
      0.2584169
    ],
    "7": [
      0.0782487,
      0.1771863
    ],
    "5": [
      0.0727086,
      0.138859
    ],
    "3": [
      0.0588886,
      0.0944554
    ]
  }
}