{
  "shots": 10000000,
  "T1": 0.0001,
  "T2": 0.0001,
  "tau": [
    4e-07,
    6e-07,
    8e-07,
    1e-06,
    2e-06,
    4e-06,
    1e-05
  ],
  "distances": [
    11,
    7,
    5,
    3
  ],
  "stim": {
    "11": [
      0.0,
      0.0,
      0.0,
      0.0,
      1.1e-06,
      8.85e-05,
      0.0109387
    ],
    "7": [
      1e-07,
      1.3e-06,
      1.7e-06,
      6.2e-06,
      7.97e-05,
      0.0011045,
      0.0273958
    ],
    "5": [
      4e-06,
      1.5e-05,
      3.49e-05,
      6.68e-05,
      0.0005202,
      0.0038235,
      0.0437205
    ],
    "3": [
      0.0001491,
      0.0003253,
      0.000569,
      0.000888,
      0.003515,
      0.0134601,
      0.071484
    ]
  },
  "cpp": {
    "11": [
      0.0,
      0.0,
      0.0,
      0.0,
      5e-07,
      4.96e-05,
      0.00588
    ],
    "7": [
      2e-07,
      8e-07,
      1.2e-06,
      2.8e-06,
      4.81e-05,
      0.0006182,
      0.0149316
    ],
    "5": [
      3.7e-06,
      9.7e-06,
      1.87e-05,
      3.74e-05,
      0.0002921,
      0.002088,
      0.0236272
    ],
    "3": [
      7.97e-05,
      0.0001763,
      0.0003136,
      0.0004855,
      0.001887,
      0.0070556,
      0.0365015
    ]
  }
}