{
  "shots": 10000000,
  "T1": 0.0001,
  "T2": 0.0001,
  "tau": [
    1e-07,
    2e-07,
    5e-07,
    8e-07,
    1e-06,
    2e-06,
    4.9999999999999996e-06,
    1e-05
  ],
  "distances": [
    11,
    7,
    5,
    3
  ],
  "stim": {
    "11": [
      0.0,
      0.0,
      0.0,
      0.0,
      0.0,
      1.1e-06,
      0.0003139,
      0.0109484
    ],
    "7": [
      0.0,
      0.0,
      4e-07,
      2.5e-06,
      4.9e-06,
      7.73e-05,
      0.0025316,
      0.0273219
    ],
    "5": [
      0.0,
      3e-07,
      8.9e-06,
      3.35e-05,
      6.79e-05,
      0.0005249,
      0.0070653,
      0.0436864
    ],
    "3": [
      8.6e-06,
      3.41e-05,
      0.0002218,
      0.0005802,
      0.0009009,
      0.0034805,
      0.0204621,
      0.0714814
    ]
  },
  "cpp": {
    "11": [
      0.0,
      0.0,
      0.0,
      0.0,
      0.0,
      5e-07,
      0.000164,
      0.00588
    ],
    "7": [
      0.0,
      0.0,
      3e-07,
      1.2e-06,
      2.8e-06,
      4.81e-05,
      0.0013746,
      0.0149316
    ],
    "5": [
      0.0,
      7e-07,
      6.5e-06,
      1.87e-05,
      3.74e-05,
      0.0002921,
      0.0038793,
      0.0236272
    ],
    "3": [
      4.8e-06,
      2.08e-05,
      0.0001222,
      0.0003136,
      0.0004855,
      0.001887,
      0.0106895,
      0.0365015
    ]
  }
}