{
  "shots": 5000000,
  "T1": 0.0001,
  "T2": 0.0001,
  "tau": [
    1e-07,
    2e-07,
    5e-07,
    8e-07,
    1e-06,
    2e-06,
    4.9999999999999996e-06,
    1e-05
  ],
  "distances": [
    11,
    7,
    5,
    3
  ],
  "stim": {
    "11": [
      0.0,
      0.0,
      0.0,
      0.0,
      0.0,
      1e-06,
      0.0003062,
      0.0110428
    ],
    "7": [
      0.0,
      0.0,
      2e-07,
      2e-06,
      3.8e-06,
      7.74e-05,
      0.0025202,
      0.0275556
    ],
    "5": [
      2e-07,
      4e-07,
      1.12e-05,
      3.68e-05,
      6.76e-05,
      0.0005358,
      0.007111,
      0.0436882
    ],
    "3": [
      1.04e-05,
      3.02e-05,
      0.0002274,
      0.0005676,
      0.0008764,
      0.0035158,
      0.0205428,
      0.0715242
    ]
  },
  "cpp": {
    "11": [
      0.0,
      0.0,
      0.0,
      0.0,
      0.0,
      6e-07,
      0.000155,
      0.0058796
    ],
    "7": [
      0.0,
      0.0,
      4e-07,
      8e-07,
      3e-06,
      4.54e-05,
      0.0013746,
      0.014905
    ],
    "5": [
      0.0,
      8e-07,
      7.8e-06,
      1.86e-05,
      3.84e-05,
      0.0002946,
      0.0038774,
      0.023674
    ],
    "3": [
      4.4e-06,
      2e-05,
      0.0001178,
      0.0003036,
      0.0004682,
      0.0018578,
      0.010658,
      0.03652
    ]
  }
}