{
  "shots": 1000000,
  "T1": 0.0001,
  "T2": 0.0001,
  "tau": [
    1e-07,
    2e-07,
    5e-07,
    8e-07,
    1e-06,
    2e-06,
    4.9999999999999996e-06,
    1e-05
  ],
  "distances": [
    11,
    9,
    5,
    3
  ],
  "stim": {
    "11": [
      0.0,
      0.0,
      0.0,
      0.0,
      0.0,
      2e-06,
      0.00029,
      0.010859
    ],
    "9": [
      0.0,
      0.0,
      0.0,
      0.0,
      0.0,
      8e-06,
      0.000911,
      0.017246
    ],
    "5": [
      0.0,
      1e-06,
      5e-06,
      3.1e-05,
      6.1e-05,
      0.000518,
      0.007015,
      0.043788
    ],
    "3": [
      6e-06,
      3.9e-05,
      0.00023,
      0.000527,
      0.000893,
      0.003598,
      0.020237,
      0.071422
    ]
  },
  "cpp": {
    "11": [
      0.0,
      0.0,
      0.0,
      0.0,
      0.0,
      1e-06,
      0.000162,
      0.005974
    ],
    "9": [
      0.0,
      0.0,
      0.0,
      0.0,
      0.0,
      5e-06,
      0.000462,
      0.009339
    ],
    "5": [
      0.0,
      1e-06,
      9e-06,
      1.8e-05,
      3.9e-05,
      0.000268,
      0.003824,
      0.023613
    ],
    "3": [
      1e-05,
      2.4e-05,
      0.000128,
      0.000312,
      0.000461,
      0.001816,
      0.010569,
      0.036513
    ]
  }
}