{
  "shots": 200000,
  "T1": 0.0001,
  "T2": 0.0001,
  "tau": [
    2e-06,
    4e-06,
    6e-06,
    8e-06,
    1e-05
  ],
  "distances": [
    11,
    7,
    5,
    3
  ],
  "stim": {
    "11": [
      0.000145,
      0.01052,
      0.090765,
      0.26476,
      0.415265
    ],
    "7": [
      0.001645,
      0.022125,
      0.08589,
      0.1902,
      0.29722
    ],
    "5": [
      0.004695,
      0.03013,
      0.08291,
      0.152505,
      0.229835
    ],
    "3": [
      0.00997,
      0.034945,
      0.068425,
      0.10945,
      0.150465
    ]
  },
  "cpp": {
    "11": [
      0.00014809384707088882,
      0.01029,
      0.09069,
      0.266875,
      0.42127
    ],
    "7": [
      0.00222,
      0.024135,
      0.089525,
      0.193985,
      0.305245
    ],
    "5": [
      0.008525,
      0.04091,
      0.097965,
      0.170655,
      0.24443
    ],
    "3": [
      0.043355,
      0.090055,
      0.137535,
      0.181595,
      0.222285
    ]
  }
}