{
  "shots": 10000000,
  "T1": 0.0001,
  "T2": 0.0001,
  "tau": [
    4e-07,
    6e-07,
    8e-07,
    1e-06,
    2e-06,
    4e-06,
    6e-06,
    8e-06,
    1e-05
  ],
  "distances": [
    11,
    7,
    5,
    3
  ],
  "stim": {
    "11": [
      0.0,
      9e-07,
      6.1e-06,
      1.69e-05,
      0.0012162,
      0.0590322,
      0.2853406,
      0.4595282,
      0.4972166
    ],
    "7": [
      1.16e-05,
      5.25e-05,
      0.0001711,
      0.0003986,
      0.0059142,
      0.0684629,
      0.2108315,
      0.3568418,
      0.446501
    ],
    "5": [
      0.000114,
      0.0003599,
      0.0008663,
      0.0016181,
      0.0116788,
      0.070833,
      0.1707472,
      0.2783276,
      0.3666957
    ],
    "3": [
      0.0008069,
      0.0018165,
      0.0031858,
      0.0049198,
      0.0182819,
      0.0623611,
      0.1194914,
      0.1801164,
      0.238408
    ]
  },
  "cpp": {
    "11": [
      0.0,
      3e-07,
      4e-07,
      1.4e-06,
      0.0001374,
      0.0095167,
      0.0853075,
      0.2584169,
      0.4143899
    ],
    "7": [
      2.1e-06,
      1.09e-05,
      3.2e-05,
      8.46e-05,
      0.0013399,
      0.0193387,
      0.0782487,
      0.1771863,
      0.2870928
    ],
    "5": [
      3.25e-05,
      0.0001072,
      0.0002478,
      0.0004901,
      0.0037363,
      0.0258657,
      0.0727086,
      0.138859,
      0.2125948
    ],
    "3": [
      0.0003413,
      0.0007659,
      0.0013455,
      0.0020732,
      0.0079113,
      0.0288604,
      0.0588886,
      0.0944554,
      0.132793
    ]
  }
}