{"name": "ibmq_dummy", "version": "0.1", "num_qubits": 4, "basis_gates": ["id", "rz", "sx", "x", "cx", "reset"], "T1": {"0": 1.9863534219549196e-06, "1": 3.256739284552951e-06, "2": 6.387094635027938e-06, "3": 9.657088659290893e-07}, "T2": {"0": 4.743280163737234e-06, "1": 5.645707830667395e-06, "2": 6.198935755239473e-06, "3": 6.993794659921288e-06}, "freq": {"0": 5033991258.710996, "1": 5215407560.758608, "2": 5136686982.300425, "3": 5286911849.029194}, "readout_length": {"0": 4.741981707522957e-09, "1": 6.190218745392497e-08, "2": 5.017914529006381e-07, "3": 5.313848085126959e-09}, "prob_meas0_prep1": {"0": 0.05576914535679, "1": 0.026359440878228637, "2": 0.08258113293418534, "3": 0.06837345344300583}, "prob_meas1_prep0": {"0": 0.06929173458916815, "1": 0.06424235334738831, "2": 0.09393794675040075, "3": 0.025284963141682628}, "gate_lens": {"id0": 3.3986665903007365e-10, "rz0": 0, "sx0": 1.8107073527905337e-09, "x0": 7.463182533244644e-09, "reset0": 4.138382175005266e-09, "id1": 2.0614672577471315e-09, "rz1": 0, "sx1": 5.904227420517129e-09, "x1": 5.575436334081161e-09, "reset1": 9.166571358836006e-09, "id2": 2.5574061933438255e-09, "rz2": 0, "sx2": 5.674512611269027e-09, "x2": 3.119246623747437e-09, "reset2": 6.202761067336794e-09, "id3": 4.467449635760793e-09, "rz3": 0, "sx3": 3.3032064687762144e-09, "x3": 3.272952926859463e-10, "reset3": 6.631646519286036e-09, "cx0_1": 7.452985724005585e-09, "cx0_2": 2.4439398700312453e-09, "cx0_3": 6.892210034498927e-09, "cx1_0": 9.159968237073984e-09, "cx1_2": 6.725407957512134e-09, "cx1_3": 4.672787777876322e-09, "cx2_0": 8.041627640975984e-09, "cx2_1": 2.904641308109063e-09, "cx2_3": 7.641738979187465e-09, "cx3_0": 8.843508463044929e-09, "cx3_1": 1.6903219469451403e-09, "cx3_2": 7.426445891125022e-09}, "gate_errs": {"id0": 2.5726214073620234e-09, "rz0": 0, "sx0": 6.287550796196217e-09, "x0": 7.544468322991124e-09, "reset0": 1.990914861894808e-09, "id1": 1.2410852963201347e-09, "rz1": 0, "sx1": 1.935090732396294e-09, "x1": 1.389933987595008e-09, "reset1": 5.255835223546362e-09, "id2": 2.0694189698431e-09, "rz2": 0, "sx2": 2.2175271032034718e-09, "x2": 4.336344719570844e-09, "reset2": 9.559396653034869e-09, "id3": 8.478773405214249e-09, "rz3": 0, "sx3": 9.248738859317626e-09, "x3": 4.854850816644392e-09, "reset3": 1.7424164681183807e-09, "cx0_1": 2.3594612843493425e-09, "cx0_2": 9.037387507130536e-09, "cx0_3": 3.7846119818852666e-09, "cx1_0": 7.813717855930205e-09, "cx1_2": 3.196054041138974e-10, "cx1_3": 3.622266192485907e-09, "cx2_0": 7.805508832421535e-09, "cx2_1": 5.1665946165857206e-09, "cx2_3": 3.808839394250738e-09, "cx3_0": 5.691967568995271e-10, "cx3_1": 8.087046862338657e-09, "cx3_2": 5.560386391192189e-09}, "cx_coupling": ["0_1", "0_2", "0_3", "1_0", "1_2", "1_3", "2_0", "2_1", "2_3", "3_0", "3_1", "3_2"]}