{"name": "ibmq_dummy", "version": "0.1", "num_qubits": 3, "basis_gates": ["id", "rz", "sx", "x", "cx", "reset"], 
    "T1": {"0": 9.179390784609297e-06, "1": 5.284331477897922e-06, "2": 9.488514317465903e-06}, 
    "T2": {"0": 3.5042410403736005e-06, "1": 2.5246246816588104e-06, "2": 6.704056004512004e-06}, 
    "freq": {"0": 5001501773.429727, "1": 5221832978.118003, "2": 5108704865.4210825}, 
    "readout_length": {"0": 2.880932336168049e-07, "1": 5.728873756419345e-07, "2": 4.2696442037226717e-07}, 
    "prob_meas0_prep1": {"0": 0.09609568384259144, "1": 0.0358770568915124, "2": 0.01659686620226285}, 
    "prob_meas1_prep0": {"0": 0.06627222923170814, "1": 0.030594759820966357, "2": 0.09857788784758419}, 
    "gate_lens": {"id0": 4.430949473401585e-09, "rz0": 0, "sx0": 1.0633778361469837e-10, "x0": 2.2303767153465683e-09, "reset0": 7.491447960551333e-09, "id1": 6.9659231462409915e-09, "rz1": 0, "sx1": 6.9317248424419395e-09, "x1": 4.0808078554096225e-09, "reset1": 3.040123965023047e-09, "id2": 6.644880069020717e-09, "rz2": 0, "sx2": 5.090416861883074e-09, "x2": 4.5069717485754944e-09, "reset2": 4.86522046367983e-09, "cx0_1": 1.9133329192494575e-09, "cx0_2": 8.601596253564026e-09, "cx1_0": 5.06596390236003e-09, "cx1_2": 7.245541534369207e-09, "cx2_0": 3.461528990523706e-09, "cx2_1": 3.0503556028699387e-09}, 
    "gate_errs": {"id0": 2.8414446222721237e-09, "rz0": 0, "sx0": 4.3593490980304614e-09, "x0": 4.368189022511173e-09, "reset0": 9.804598498540286e-09, "id1": 1.8264562291052944e-09, "rz1": 0, "sx1": 1.3863553357218416e-09, "x1": 6.593925492150965e-10, "reset1": 7.609956170830876e-09, "id2": 2.5789640846055886e-09, "rz2": 0, "sx2": 4.633728663549307e-09, "x2": 5.07229615147821e-09, "reset2": 5.9572807911440705e-09, "cx0_1": 8.057415086930917e-09, "cx0_2": 9.970278026113644e-09, "cx1_0": 6.195114093824941e-09, "cx1_2": 1.8981098685150188e-11, "cx2_0": 5.488943116036661e-09, "cx2_1": 6.926756126929612e-11}, "cx_coupling": ["0_1", "0_2", "1_0", "1_2", "2_0", "2_1"]}
