{"name": "ibm_perth", "version": "1.1.23", "num_qubits": 7, "basis_gates": ["id", "rz", "sx", "x", "cx", "reset"], "T1": {"0": 7.762205035463119e-05, "1": 0.00015587111822580737, "2": 0.0001572097142334676, "3": 0.00018089085317189333, "4": 0.00020177812834235465, "5": 0.0001790618921115289, "6": 0.00018298636199919516}, "T2": {"0": 0.00011730067591022664, "1": 6.499540959992206e-05, "2": 0.00010319144863682917, "3": 0.00016852206190448194, "4": 0.00012082789327408494, "5": 0.00012957885285999903, "6": 0.00021919700087026867}, "freq": {"0": 5157548934.260039, "1": 5033678397.322226, "2": 4862618259.781835, "3": 5125295392.62296, "4": 5159212527.399104, "5": 4978624380.218041, "6": 5156772419.689439}, "readout_length": {"0": 6.755555555555555e-07, "1": 6.755555555555555e-07, "2": 6.755555555555555e-07, "3": 6.755555555555555e-07, "4": 6.755555555555555e-07, "5": 6.755555555555555e-07, "6": 6.755555555555555e-07}, "prob_meas0_prep1": {"0": 0.020199999999999996, "1": 0.023599999999999954, "2": 0.01639999999999997, "3": 0.0122, "4": 0.0246, "5": 0.03939999999999999, "6": 0.008199999999999985}, "prob_meas1_prep0": {"0": 0.0204, "1": 0.0164, "2": 0.0162, "3": 0.011199999999999988, "4": 0.020399999999999974, "5": 0.0194, "6": 0.0028}, "gate_lens": {"id0": 3.555555555555556e-08, "id1": 3.555555555555556e-08, "id2": 3.555555555555556e-08, "id3": 3.555555555555556e-08, "id4": 3.555555555555556e-08, "id5": 3.555555555555556e-08, "id6": 3.555555555555556e-08, "rz0": 0.0, "rz1": 0.0, "rz2": 0.0, "rz3": 0.0, "rz4": 0.0, "rz5": 0.0, "rz6": 0.0, "sx0": 3.555555555555556e-08, "sx1": 3.555555555555556e-08, "sx2": 3.555555555555556e-08, "sx3": 3.555555555555556e-08, "sx4": 3.555555555555556e-08, "sx5": 3.555555555555556e-08, "sx6": 3.555555555555556e-08, "x0": 3.555555555555556e-08, "x1": 3.555555555555556e-08, "x2": 3.555555555555556e-08, "x3": 3.555555555555556e-08, "x4": 3.555555555555556e-08, "x5": 3.555555555555556e-08, "x6": 3.555555555555556e-08, "cx6_5": 6.044444444444445e-07, "cx5_6": 6.4e-07, "cx4_5": 5.902222222222222e-07, "cx5_4": 6.257777777777778e-07, "cx3_5": 2.844444444444445e-07, "cx5_3": 3.2e-07, "cx3_1": 3.697777777777778e-07, "cx1_3": 4.0533333333333336e-07, "cx2_1": 3.2e-07, "cx1_2": 3.555555555555556e-07, "cx0_1": 3.911111111111111e-07, "cx1_0": 4.266666666666667e-07, "reset0": 7.964444444444444e-07, "reset1": 7.680000000000001e-07, "reset2": 8.888888888888889e-07, "reset3": 7.964444444444444e-07, "reset4": 7.964444444444444e-07, "reset5": 7.964444444444444e-07, "reset6": 7.964444444444444e-07}, "gate_errs": {"id0": 0.0002530362262216849, "id1": 0.00022813779360016472, "id2": 0.00021560996197673212, "id3": 0.00024346395675830295, "id4": 0.00036075109266181423, "id5": 0.0003485261822169766, "id6": 0.0002861734428766344, "rz0": 0, "rz1": 0, "rz2": 0, "rz3": 0, "rz4": 0, "rz5": 0, "rz6": 0, "sx0": 0.0002530362262216849, "sx1": 0.00022813779360016472, "sx2": 0.00021560996197673212, "sx3": 0.00024346395675830295, "sx4": 0.00036075109266181423, "sx5": 0.0003485261822169766, "sx6": 0.0002861734428766344, "x0": 0.0002530362262216849, "x1": 0.00022813779360016472, "x2": 0.00021560996197673212, "x3": 0.00024346395675830295, "x4": 0.00036075109266181423, "x5": 0.0003485261822169766, "x6": 0.0002861734428766344, "cx6_5": 0.012719759870364639, "cx5_6": 0.012719759870364639, "cx4_5": 0.01188491700167324, "cx5_4": 0.01188491700167324, "cx3_5": 0.010543216836664177, "cx5_3": 0.010543216836664177, "cx3_1": 0.007525049172585119, "cx1_3": 0.007525049172585119, "cx2_1": 0.006305535791716138, "cx1_2": 0.006305535791716138, "cx0_1": 0.008192734513051358, "cx1_0": 0.008192734513051358, "reset0": 0, "reset1": 0, "reset2": 0, "reset3": 0, "reset4": 0, "reset5": 0, "reset6": 0}, "cx_coupling": ["6_5", "5_6", "4_5", "5_4", "3_5", "5_3", "3_1", "1_3", "2_1", "1_2", "0_1", "1_0"]}